author,count
MotherHolle,5
ryu289,3
sammyjamez,3
Dior5x5,2
SOMUCHNOPE123,2
VirginPrideWorldWide,2
benjaminikuta,2
hellotoyouthree,2
mae1995111,2
rhymehouse,2
supinator1,2
swater63,2
unreasonablebias,2
verilyanton,2
10z20Luka,1
300poundshavedchimp,1
5AMbadnews,1
643796794558676644,1
ARashLearner,1
Adornment-F,1
AeternusDoleo,1
AlexTweaks,1
ApprehensiveSwing6,1
Araraguy,1
Bias_against_boys,1
Billie-Joe-Legstrong,1
BoltzMG,1
CRXC4567,1
DrWody,1
ElasticBazooka,1
Embroider_ur_dreams,1
FannyPackMasterRace,1
Fawxhox,1
Footelvr,1
IRejectYourRealityOk,1
ImAMuttHhh,1
JaneDoeReiMeyou,1
JarJarAwakens,1
Jeszkiev,1
JustWhatAmI,1
Kai_Jin,1
Kasha-UK,1
LinkedFerret69,1
M1NNE5OTA,1
MGTOWrepublican,1
Magnicello,1
Markdd8,1
MoneyMammoth,1
Myaltaccountquestion,1
Mzbwoe,1
NWFW,1
NormalEstimate1,1
NowYoureTalking,1
PolarTimeSD,1
Poppinbrownguy,1
Pumber22,1
RedHatOfFerrickPat,1
Reed_4983,1
RhizonXXVII,1
RochelleH,1
Roe1996,1
Romula,1
SSJSuperman,1
SaintNutella,1
ScandalousScouser,1
Seijos,1
SeveralDumbQuestions,1
Sky-is-here,1
SocraticBadger,1
StWd,1
StrongWillMax,1
TheDutchKiwi,1
ThePhIsForFenomenal,1
Throwaway5233779,1
Throwawayfish340,1
Trwwyoge2,1
Two_Corinthians,1
VeryCanadian,1
WeeLittleLaddie,1
[deleted],1
alpinesky8,1
ami11ion,1
ausernameofaperson,1
authprpl,1
ballepung,1
bananalick1,1
bandanajack,1
con_work,1
cronos844,1
deathbysocialism,1
depressed31virgin,1
dikonaalamkungbakit,1
ensbana,1
ezew,1
firecharge725,1
forever_drunk99,1
fra_n_ff,1
freaksalad,1
fspluver,1
funtalking,1
